Portfolio Name,Category,Set,Product Name,Card Number,Rarity,Variance,Grade,Card Condition,Average Cost Paid,Quantity,Market Price (As of 2026-05-24),Price Override,Watchlist,Date Added,Notes
Roy Yugioh,YuGiOh,Yu-Gi-Oh! Video Game Promotional Cards,Blue-Eyes White Dragon (Dark Duel Stories),DDS-001,Secret Rare,Unlimited,Ungraded,Lightly Played,0,1,"2,550",0,FALSE,2026-05-24,
Roy Yugioh,YuGiOh,Tournament Pack 2,Mikazukinoyaiba,TP2-006,Rare,Unlimited,PSA 10.0 GEM - MT,Near Mint,0,1,"1,200",0,FALSE,2026-05-24,
Roy Yugioh,YuGiOh,Yu-Gi-Oh! Video Game Promotional Cards,Dark Magician (Dark Duel Stories),DDS-002,Secret Rare,Unlimited,Ungraded,Lightly Played,0,1,"1,075.91",0,FALSE,2026-05-24,
Roy Yugioh,YuGiOh,Magician's Force,Dark Magician Girl,MFC-000,Secret Rare,1st Edition,Ungraded,Lightly Played,0,1,957.69,0,FALSE,2026-05-24,
Roy Yugioh,YuGiOh,Tournament Pack 2,Morphing Jar,TP2-001,Ultra Rare,Unlimited,Ungraded,Lightly Played,0,1,849.99,0,FALSE,2026-05-24,
Roy Yugioh,YuGiOh,The Legend of Blue Eyes White Dragon,Exodia the Forbidden One,LOB-124,Ultra Rare,1st Edition,Ungraded,Lightly Played,0,1,838.31,0,FALSE,2026-05-24,
Roy Yugioh,YuGiOh,Tournament Pack 1,Mechanicalchaser,TP1-001,Ultra Rare,Unlimited,Ungraded,Near Mint,0,2,691.99,0,FALSE,2026-05-24,
Roy Yugioh,YuGiOh,Tournament Pack 1,Mechanicalchaser,TP1-001,Ultra Rare,Unlimited,Ungraded,Lightly Played,0,1,588.19,0,FALSE,2026-05-24,
Roy Yugioh,YuGiOh,The Legend of Blue Eyes White Dragon,Left Leg of the Forbidden One,LOB-121,Ultra Rare,1st Edition,Ungraded,Lightly Played,0,1,425,0,FALSE,2026-05-24,
Roy Yugioh,YuGiOh,The Legend of Blue Eyes White Dragon,Right Arm of the Forbidden One,LOB-122,Ultra Rare,1st Edition,Ungraded,Lightly Played,0,1,425,0,FALSE,2026-05-24,
Roy Yugioh,YuGiOh,Pharaoh's Servant,Jinzo,PSV-000,Secret Rare,1st Edition,Ungraded,Lightly Played,0,1,416.49,0,FALSE,2026-05-24,
Roy Yugioh,YuGiOh,Tournament Pack 4,Royal Decree,TP4-001,Ultra Rare,Unlimited,Ungraded,Lightly Played,0,1,339.17,0,FALSE,2026-05-24,
Roy Yugioh,YuGiOh,Tournament Pack 1,Axe Raider,TP1-002,Super Rare,Unlimited,Ungraded,Lightly Played,0,1,295.32,0,FALSE,2026-05-24,
Roy Yugioh,YuGiOh,Tournament Pack 3,Needle Worm,TP3-001,Ultra Rare,Unlimited,Ungraded,Near Mint,0,1,279.85,0,FALSE,2026-05-24,
Roy Yugioh,YuGiOh,Tournament Pack 3,Needle Worm,TP3-001,Ultra Rare,Unlimited,Ungraded,Lightly Played,0,1,237.87,0,FALSE,2026-05-24,
Roy Yugioh,YuGiOh,Magician's Force,Dark Magician Girl,MFC-000,Secret Rare,Unlimited,Ungraded,Lightly Played,0,1,225.99,0,FALSE,2026-05-24,
Roy Yugioh,YuGiOh,Tournament Pack 2,Dragon Seeker,TP2-002,Super Rare,Unlimited,Ungraded,Lightly Played,0,1,221.79,0,FALSE,2026-05-24,
Roy Yugioh,YuGiOh,Yu-Gi-Oh! Video Game Promotional Cards,Red-Eyes Black Metal Dragon (Forbidden Memories),FMR-001,Prismatic Secret Rare,Limited,Ungraded,Lightly Played,0,1,207.87,0,FALSE,2026-05-24,
Roy Yugioh,YuGiOh,Yu-Gi-Oh! Video Game Promotional Cards,Exodia the Forbidden One (Dark Duel Stories),DDS-003,Secret Rare,Unlimited,Ungraded,Lightly Played,0,1,196.9,0,FALSE,2026-05-24,
Roy Yugioh,YuGiOh,Tournament Pack 3,B. Skull Dragon,TP3-004,Super Rare,Unlimited,Ungraded,Lightly Played,0,1,187.66,0,FALSE,2026-05-24,
Roy Yugioh,YuGiOh,Metal Raiders,Gate Guardian,MRD-000,Secret Rare,1st Edition,Ungraded,Lightly Played,0,1,177.2,0,FALSE,2026-05-24,
Roy Yugioh,YuGiOh,Elemental Energy,Pot of Avarice (UTR),EEN-EN037,Ultimate Rare,1st Edition,Ungraded,Lightly Played,0,1,137.96,0,FALSE,2026-05-24,
Roy Yugioh,YuGiOh,Metal Raiders,Time Wizard,MRD-065,Ultra Rare,1st Edition,Ungraded,Damaged,0,1,118.66,0,FALSE,2026-05-24,
Roy Yugioh,YuGiOh,McDonald's Promo,Millennium Shield,MP1-001,Ultra Rare,Limited,Ungraded,Near Mint,0,1,98.3,0,FALSE,2026-05-24,
Roy Yugioh,YuGiOh,Tournament Pack 2,Giant Red Seasnake,TP2-003,Super Rare,Unlimited,Ungraded,Near Mint,0,1,96.99,0,FALSE,2026-05-24,
Roy Yugioh,YuGiOh,Tournament Pack 1,Patrol Robo,TP1-004,Super Rare,Unlimited,Ungraded,Near Mint,0,1,93.99,0,FALSE,2026-05-24,
Roy Yugioh,YuGiOh,Tournament Pack 1,White Hole,TP1-005,Super Rare,Unlimited,Ungraded,Lightly Played,0,1,90.7,0,FALSE,2026-05-24,
Roy Yugioh,YuGiOh,The Legend of Blue Eyes White Dragon,Blue-Eyes White Dragon,LOB-001,Ultra Rare,Unlimited,Ungraded,Lightly Played,0,1,87.75,0,FALSE,2026-05-24,
Roy Yugioh,YuGiOh,Yu-Gi-Oh! Video Game Promotional Cards,Harpie's Pet Dragon (Forbidden Memories),FMR-002,Secret Rare,Limited,Ungraded,Lightly Played,0,1,86.09,0,FALSE,2026-05-24,
Roy Yugioh,YuGiOh,Metal Raiders,Kuriboh,MRD-071,Super Rare,1st Edition,Ungraded,Near Mint,0,2,84.62,0,FALSE,2026-05-24,
Roy Yugioh,YuGiOh,McDonald's Promo,Millennium Shield,MP1-001,Ultra Rare,Limited,Ungraded,Lightly Played,0,1,83.56,0,FALSE,2026-05-24,
Roy Yugioh,YuGiOh,Tournament Pack 2,Giant Red Seasnake,TP2-003,Super Rare,Unlimited,Ungraded,Lightly Played,0,1,82.44,0,FALSE,2026-05-24,
Roy Yugioh,YuGiOh,Tournament Pack 1,Patrol Robo,TP1-004,Super Rare,Unlimited,Ungraded,Lightly Played,0,1,79.89,0,FALSE,2026-05-24,
Roy Yugioh,YuGiOh,Labyrinth of Nightmare,Torrential Tribute,LON-025,Ultra Rare,1st Edition,Ungraded,Lightly Played,0,1,78.47,0,FALSE,2026-05-24,
Roy Yugioh,YuGiOh,Tournament Pack 1,Kwagar Hercules,TP1-003,Super Rare,Unlimited,Ungraded,Lightly Played,0,1,77.32,0,FALSE,2026-05-24,
Roy Yugioh,YuGiOh,Magic Ruler,Mystical Space Typhoon,MRL-047,Ultra Rare,1st Edition,Ungraded,Lightly Played,0,2,76.08,0,FALSE,2026-05-24,
Roy Yugioh,YuGiOh,Tournament Pack 2,Call of the Grave,TP2-005,Super Rare,Unlimited,Ungraded,Near Mint,0,1,75.69,0,FALSE,2026-05-24,
Roy Yugioh,YuGiOh,Labyrinth of Nightmare,Gemini Elf,LON-000,Secret Rare,1st Edition,Ungraded,Near Mint,0,1,71.87,0,FALSE,2026-05-24,
Roy Yugioh,YuGiOh,Labyrinth of Nightmare,Dark Necrofear,LON-065,Ultra Rare,1st Edition,Ungraded,Lightly Played,0,1,70.86,0,FALSE,2026-05-24,
Roy Yugioh,YuGiOh,Legacy of Darkness,Yata-Garasu,LOD-000,Secret Rare,1st Edition,Ungraded,Lightly Played,0,1,68.89,0,FALSE,2026-05-24,
Roy Yugioh,YuGiOh,Soul of the Duelist,Charcoal Inpachi (UTR),SOD-EN001,Ultimate Rare,1st Edition,Ungraded,Lightly Played,0,1,65.59,0,FALSE,2026-05-24,
Roy Yugioh,YuGiOh,Tournament Pack 2,Call of the Grave,TP2-005,Super Rare,Unlimited,Ungraded,Lightly Played,0,1,64.34,0,FALSE,2026-05-24,
Roy Yugioh,YuGiOh,Labyrinth of Nightmare,Gemini Elf,LON-000,Secret Rare,1st Edition,Ungraded,Lightly Played,0,1,61.09,0,FALSE,2026-05-24,
Roy Yugioh,YuGiOh,Legacy of Darkness,Injection Fairy Lily,LOD-100,Secret Rare,1st Edition,Ungraded,Lightly Played,0,1,60.07,0,FALSE,2026-05-24,
Roy Yugioh,YuGiOh,Magician's Force,Breaker the Magical Warrior,MFC-071,Ultra Rare,1st Edition,Ungraded,Lightly Played,0,2,52.34,0,FALSE,2026-05-24,
Roy Yugioh,YuGiOh,Tournament Pack 2,Mikazukinoyaiba,TP2-006,Rare,Unlimited,Ungraded,Lightly Played,0,1,51.53,0,FALSE,2026-05-24,
Roy Yugioh,YuGiOh,Metal Raiders,Magic Jammer,MRD-128,Ultra Rare,1st Edition,Ungraded,Lightly Played,0,1,49.34,0,FALSE,2026-05-24,
Roy Yugioh,YuGiOh,Magic Ruler,Toon Mermaid,MRL-072,Ultra Rare,1st Edition,Ungraded,Lightly Played,0,1,45.92,0,FALSE,2026-05-24,
Roy Yugioh,YuGiOh,Pharaoh's Servant,Premature Burial,PSV-037,Ultra Rare,1st Edition,Ungraded,Near Mint,0,1,45.65,0,FALSE,2026-05-24,
Roy Yugioh,YuGiOh,Starter Deck: Yugi,Soul Exchange,SDY-041,Super Rare,1st Edition,Ungraded,Lightly Played,0,1,45.31,0,FALSE,2026-05-24,
Roy Yugioh,YuGiOh,Pharaonic Guardian,Ring of Destruction,PGD-000,Secret Rare,1st Edition,Ungraded,Lightly Played,0,2,45.26,0,FALSE,2026-05-24,
Roy Yugioh,YuGiOh,Dark Crisis,Vampire Lord,DCR-000,Secret Rare,1st Edition,Ungraded,Lightly Played,0,1,41.96,0,FALSE,2026-05-24,
Roy Yugioh,YuGiOh,Yu-Gi-Oh! Video Game Promotional Cards,Metalmorph (Forbidden Memories),FMR-003,Secret Rare,Limited,Ungraded,Lightly Played,0,1,41.67,0,FALSE,2026-05-24,
Roy Yugioh,YuGiOh,Tournament Pack 1,Versago the Destroyer,TP1-015,Rare,Unlimited,Ungraded,Lightly Played,0,1,41.64,0,FALSE,2026-05-24,
Roy Yugioh,YuGiOh,Starter Deck: Yugi,Dark Magician,SDY-006,Ultra Rare,Unlimited,Ungraded,Lightly Played,0,1,41.41,0,FALSE,2026-05-24,
Roy Yugioh,YuGiOh,Tournament Pack 2,Exile of the Wicked,TP2-004,Super Rare,Unlimited,Ungraded,Lightly Played,0,1,38.15,0,FALSE,2026-05-24,
Roy Yugioh,YuGiOh,The Legend of Blue Eyes White Dragon,Red-Eyes B. Dragon,LOB-070,Ultra Rare,Unlimited,Ungraded,Lightly Played,0,1,37.92,0,FALSE,2026-05-24,
Roy Yugioh,YuGiOh,2005 Collectors Tin,Dark Magician Girl,CT2-EN004,Secret Rare,Limited,Ungraded,Lightly Played,0,1,34.6,0,FALSE,2026-05-24,
Roy Yugioh,YuGiOh,Metal Raiders,Kuriboh,MRD-071,Super Rare,1st Edition,Ungraded,Damaged,0,1,33.85,0,FALSE,2026-05-24,
Roy Yugioh,YuGiOh,Labyrinth of Nightmare,United We Stand,LON-049,Ultra Rare,1st Edition,Ungraded,Lightly Played,0,1,33.57,0,FALSE,2026-05-24,
Roy Yugioh,YuGiOh,Pharaoh's Servant,Dust Tornado,PSV-011,Super Rare,1st Edition,Ungraded,Lightly Played,0,1,32.69,0,FALSE,2026-05-24,
Roy Yugioh,YuGiOh,The Legend of Blue Eyes White Dragon,Dark Magician,LOB-005,Ultra Rare,Unlimited,Ungraded,Lightly Played,0,2,32.53,0,FALSE,2026-05-24,
Roy Yugioh,YuGiOh,Tournament Pack 1,Goddess with the Third Eye,TP1-013,Rare,Unlimited,Ungraded,Lightly Played,0,1,31.75,0,FALSE,2026-05-24,
Roy Yugioh,YuGiOh,Magician's Force,Paladin of White Dragon,MFC-026,Ultra Rare,1st Edition,Ungraded,Near Mint,0,1,31.02,0,FALSE,2026-05-24,
Roy Yugioh,YuGiOh,Invasion of Chaos,Black Luster Soldier - Envoy of the Beginning,IOC-025,Ultra Rare,Unlimited,Ungraded,Lightly Played,0,2,30.57,0,FALSE,2026-05-24,
Roy Yugioh,YuGiOh,Magician's Force,XY-Dragon Cannon,MFC-051,Ultra Rare,1st Edition,Ungraded,Lightly Played,0,2,29.71,0,FALSE,2026-05-24,
Roy Yugioh,YuGiOh,Magic Ruler,Mystical Space Typhoon,MRL-047,Ultra Rare,Unlimited,Ungraded,Lightly Played,0,3,29.56,0,FALSE,2026-05-24,
Roy Yugioh,YuGiOh,2003 Collectors Tin,Blue-Eyes White Dragon,BPT-009,Secret Rare,Limited,Ungraded,Lightly Played,0,1,28.08,0,FALSE,2026-05-24,
Roy Yugioh,YuGiOh,2003 Collectors Tin,Blue-Eyes White Dragon,BPT-009,Secret Rare,Unlimited,Ungraded,Lightly Played,0,1,27.94,0,FALSE,2026-05-24,
Roy Yugioh,YuGiOh,Legacy of Darkness,Tyrant Dragon,LOD-034,Ultra Rare,1st Edition,Ungraded,Lightly Played,0,1,27.79,0,FALSE,2026-05-24,
Roy Yugioh,YuGiOh,Legacy of Darkness,Airknight Parshath,LOD-062,Ultra Rare,1st Edition,Ungraded,Lightly Played,0,1,27.41,0,FALSE,2026-05-24,
Roy Yugioh,YuGiOh,Magician's Force,Paladin of White Dragon,MFC-026,Ultra Rare,1st Edition,Ungraded,Lightly Played,0,1,26.37,0,FALSE,2026-05-24,
Roy Yugioh,YuGiOh,Soul of the Duelist,Ectoplasmer (UTR),SOD-EN043,Ultimate Rare,1st Edition,Ungraded,Lightly Played,0,1,25.49,0,FALSE,2026-05-24,
Roy Yugioh,YuGiOh,Pharaonic Guardian,Lava Golem,PGD-107,Secret Rare,1st Edition,Ungraded,Lightly Played,0,1,25.14,0,FALSE,2026-05-24,
Roy Yugioh,YuGiOh,Yu-Gi-Oh! Video Game Promotional Cards,Dark Magician Knight (Reshef of Destruction),ROD-EN001,Secret Rare,Unlimited,Ungraded,Lightly Played,0,1,24.97,0,FALSE,2026-05-24,
Roy Yugioh,YuGiOh,Tournament Pack 1,Beastking of the Swamps,TP1-014,Rare,Unlimited,Ungraded,Lightly Played,0,1,24.76,0,FALSE,2026-05-24,
Roy Yugioh,YuGiOh,Magic Ruler,Axe of Despair,MRL-002,Ultra Rare,1st Edition,Ungraded,Lightly Played,0,1,24.65,0,FALSE,2026-05-24,
Roy Yugioh,YuGiOh,Pharaonic Guardian,Helpoemer,PGD-058,Ultra Rare,1st Edition,Ungraded,Lightly Played,0,1,24.39,0,FALSE,2026-05-24,
Roy Yugioh,YuGiOh,Soul of the Duelist,Horus the Black Flame Dragon LV8,SOD-EN008,Ultra Rare,1st Edition,Ungraded,Lightly Played,0,1,23.98,0,FALSE,2026-05-24,
Roy Yugioh,YuGiOh,Invasion of Chaos,Dimension Fusion,IOC-094,Ultra Rare,1st Edition,Ungraded,Lightly Played,0,2,23.62,0,FALSE,2026-05-24,
Roy Yugioh,YuGiOh,2004 Collectors Tin,Blade Knight,CT1-EN002,Secret Rare,Limited,Ungraded,Near Mint,0,1,21.9,0,FALSE,2026-05-24,
Roy Yugioh,YuGiOh,Pharaonic Guardian,Don Zaloog,PGD-029,Ultra Rare,1st Edition,Ungraded,Near Mint,0,1,21.52,0,FALSE,2026-05-24,
Roy Yugioh,YuGiOh,Labyrinth of Nightmare,Destiny Board,LON-088,Ultra Rare,1st Edition,Ungraded,Lightly Played,0,1,21.17,0,FALSE,2026-05-24,
Roy Yugioh,YuGiOh,Pharaoh's Servant,Nobleman of Crossout,PSV-034,Super Rare,1st Edition,Ungraded,Lightly Played,0,2,21.01,0,FALSE,2026-05-24,
Roy Yugioh,YuGiOh,Invasion of Chaos,Black Tyranno,IOC-075,Ultra Rare,1st Edition,Ungraded,Lightly Played,0,1,20.41,0,FALSE,2026-05-24,
Roy Yugioh,YuGiOh,Legacy of Darkness,Dark Ruler Ha Des,LOD-001,Ultra Rare,1st Edition,Ungraded,Near Mint,0,1,19.53,0,FALSE,2026-05-24,
Roy Yugioh,YuGiOh,The Legend of Blue Eyes White Dragon,Right Leg of the Forbidden One,LOB-120,Ultra Rare,Unlimited,Ungraded,Lightly Played,0,1,19.34,0,FALSE,2026-05-24,
Roy Yugioh,YuGiOh,Pharaoh's Servant,Goblin Attack Force,PSV-094,Ultra Rare,1st Edition,Ungraded,Lightly Played,0,2,19.28,0,FALSE,2026-05-24,
Roy Yugioh,YuGiOh,Pharaonic Guardian,Ring of Destruction,PGD-000,Secret Rare,Unlimited,Ungraded,Lightly Played,0,1,19.24,0,FALSE,2026-05-24,
Roy Yugioh,YuGiOh,The Legend of Blue Eyes White Dragon,Left Arm of the Forbidden One,LOB-123,Ultra Rare,Unlimited,Ungraded,Lightly Played,0,1,19.21,0,FALSE,2026-05-24,
Roy Yugioh,YuGiOh,The Falsebound Kingdom,Zoa,TFK-001,Prismatic Secret Rare,Limited,Ungraded,Lightly Played,0,1,18.99,0,FALSE,2026-05-24,
Roy Yugioh,YuGiOh,Power of Chaos: Yugi the Destiny,Thousand Knives,PCY-003,Secret Rare,Limited,Ungraded,Near Mint,0,1,18.84,0,FALSE,2026-05-24,
Roy Yugioh,YuGiOh,2004 Collectors Tin,Blade Knight,CT1-EN002,Secret Rare,Limited,Ungraded,Lightly Played,0,3,18.62,0,FALSE,2026-05-24,
Roy Yugioh,YuGiOh,Legacy of Darkness,Reinforcement of the Army,LOD-028,Super Rare,1st Edition,Ungraded,Lightly Played,0,2,18.6,0,FALSE,2026-05-24,
Roy Yugioh,YuGiOh,Magician's Force,Tribe-Infecting Virus,MFC-076,Super Rare,1st Edition,Ungraded,Near Mint,0,1,18.52,0,FALSE,2026-05-24,
Roy Yugioh,YuGiOh,Pharaonic Guardian,Don Zaloog,PGD-029,Ultra Rare,1st Edition,Ungraded,Lightly Played,0,1,18.29,0,FALSE,2026-05-24,
Roy Yugioh,YuGiOh,Legacy of Darkness,Fiber Jar,LOD-056,Ultra Rare,1st Edition,Ungraded,Lightly Played,0,1,18.2,0,FALSE,2026-05-24,
Roy Yugioh,YuGiOh,Legacy of Darkness,Creature Swap,LOD-081,Ultra Rare,1st Edition,Ungraded,Lightly Played,0,3,18.07,0,FALSE,2026-05-24,
Roy Yugioh,YuGiOh,Magician's Force,X-Head Cannon,MFC-004,Super Rare,1st Edition,Ungraded,Lightly Played,0,2,17.48,0,FALSE,2026-05-24,
Roy Yugioh,YuGiOh,Magician's Force,Amazoness Swords Woman,MFC-061,Ultra Rare,1st Edition,Ungraded,Lightly Played,0,1,17.28,0,FALSE,2026-05-24,
Roy Yugioh,YuGiOh,Labyrinth of Nightmare,Torrential Tribute,LON-025,Ultra Rare,Unlimited,Ungraded,Near Mint,0,1,17.05,0,FALSE,2026-05-24,
Roy Yugioh,YuGiOh,Labyrinth of Nightmare,Gemini Elf,LON-000,Secret Rare,Unlimited,Ungraded,Lightly Played,0,1,16.82,0,FALSE,2026-05-24,
Roy Yugioh,YuGiOh,Metal Raiders,Solemn Judgment,MRD-127,Ultra Rare,Unlimited,Ungraded,Lightly Played,0,1,16.64,0,FALSE,2026-05-24,
Roy Yugioh,YuGiOh,Legacy of Darkness,Dark Ruler Ha Des,LOD-001,Ultra Rare,1st Edition,Ungraded,Lightly Played,0,1,16.6,0,FALSE,2026-05-24,
Roy Yugioh,YuGiOh,Labyrinth of Nightmare,Mask of Restrict,LON-018,Ultra Rare,Unlimited,Ungraded,Near Mint,0,2,16.48,0,FALSE,2026-05-24,
Roy Yugioh,YuGiOh,Invasion of Chaos,Invader of Darkness,IOC-111,Secret Rare,1st Edition,Ungraded,Lightly Played,0,1,16.48,0,FALSE,2026-05-24,
Roy Yugioh,YuGiOh,Dark Crisis,D.D. Warrior Lady,DCR-027,Super Rare,1st Edition,Ungraded,Near Mint,0,1,16.3,0,FALSE,2026-05-24,
Roy Yugioh,YuGiOh,Magic Ruler,Delinquent Duo,MRL-039,Ultra Rare,Unlimited,Ungraded,Lightly Played,0,2,16.07,0,FALSE,2026-05-24,
Roy Yugioh,YuGiOh,Elemental Energy,B.E.S. Tetran (UTR),EEN-EN017,Ultimate Rare,1st Edition,Ungraded,Lightly Played,0,1,16.05,0,FALSE,2026-05-24,
Roy Yugioh,YuGiOh,Labyrinth of Nightmare,Jar of Greed,LON-047,Super Rare,Unlimited,Ungraded,Lightly Played,0,3,15.84,0,FALSE,2026-05-24,
Roy Yugioh,YuGiOh,Magician's Force,Tribe-Infecting Virus,MFC-076,Super Rare,1st Edition,Ungraded,Lightly Played,0,1,15.74,0,FALSE,2026-05-24,
Roy Yugioh,YuGiOh,Invasion of Chaos,Manticore of Darkness,IOC-067,Ultra Rare,1st Edition,Ungraded,Lightly Played,0,1,15.72,0,FALSE,2026-05-24,
Roy Yugioh,YuGiOh,Ancient Sanctuary,The End of Anubis,AST-000,Secret Rare,1st Edition,Ungraded,Near Mint,0,1,15.65,0,FALSE,2026-05-24,
Roy Yugioh,YuGiOh,Dark Beginning 1,Big Shield Gardna,DB1-EN097,Ultra Rare,Unlimited,Ungraded,Lightly Played,0,2,15.4,0,FALSE,2026-05-24,
Roy Yugioh,YuGiOh,Pharaoh's Servant,Call Of The Haunted,PSV-012,Ultra Rare,Unlimited,Ungraded,Near Mint,0,1,14.72,0,FALSE,2026-05-24,
Roy Yugioh,YuGiOh,Legacy of Darkness,Injection Fairy Lily,LOD-100,Secret Rare,Unlimited,Ungraded,Lightly Played,0,1,14.54,0,FALSE,2026-05-24,
Roy Yugioh,YuGiOh,Invasion of Chaos,Strike Ninja,IOC-007,Ultra Rare,1st Edition,Ungraded,Lightly Played,0,3,14.45,0,FALSE,2026-05-24,
Roy Yugioh,YuGiOh,Cybernetic Revolution,Cyber Dragon,CRV-EN015,Super Rare,1st Edition,Ungraded,Near Mint,0,1,14.37,0,FALSE,2026-05-24,
Roy Yugioh,YuGiOh,World Championship 2004: GBA Promo,Kinetic Soldier,WC4-002,Secret Rare,Limited,Ungraded,Lightly Played,0,1,14.28,0,FALSE,2026-05-24,
Roy Yugioh,YuGiOh,Labyrinth of Nightmare,Mask of Restrict,LON-018,Ultra Rare,Unlimited,Ungraded,Lightly Played,0,1,14.01,0,FALSE,2026-05-24,
Roy Yugioh,YuGiOh,Dark Crisis,D.D. Warrior Lady,DCR-027,Super Rare,1st Edition,Ungraded,Lightly Played,0,2,13.86,0,FALSE,2026-05-24,
Roy Yugioh,YuGiOh,Labyrinth of Nightmare,Card of Safe Return,LON-029,Ultra Rare,1st Edition,Ungraded,Lightly Played,0,1,13.84,0,FALSE,2026-05-24,
Roy Yugioh,YuGiOh,Pharaonic Guardian,Reaper on the Nightmare,PGD-078,Super Rare,Unlimited,Ungraded,Lightly Played,0,1,13.49,0,FALSE,2026-05-24,
Roy Yugioh,YuGiOh,Pharaoh's Servant,Ceasefire,PSV-030,Ultra Rare,1st Edition,Ungraded,Lightly Played,0,1,13.34,0,FALSE,2026-05-24,
Roy Yugioh,YuGiOh,Ancient Sanctuary,The End of Anubis,AST-000,Secret Rare,1st Edition,Ungraded,Lightly Played,0,1,13.3,0,FALSE,2026-05-24,
Roy Yugioh,YuGiOh,Magician's Force,Spell Canceller,MFC-020,Ultra Rare,1st Edition,Ungraded,Lightly Played,0,1,13.12,0,FALSE,2026-05-24,
Roy Yugioh,YuGiOh,The Legend of Blue Eyes White Dragon,Monster Reborn,LOB-118,Ultra Rare,Unlimited,Ungraded,Lightly Played,0,1,13.07,0,FALSE,2026-05-24,
Roy Yugioh,YuGiOh,Stairway to the Destined Duel,Valkyrion the Magna Warrior,SDD-001,Secret Rare,Limited,Ungraded,Lightly Played,0,1,12.9,0,FALSE,2026-05-24,
Roy Yugioh,YuGiOh,Flaming Eternity,Lightning Vortex,FET-EN040,Super Rare,1st Edition,Ungraded,Lightly Played,0,1,12.87,0,FALSE,2026-05-24,
Roy Yugioh,YuGiOh,Labyrinth of Nightmare,Torrential Tribute,LON-025,Ultra Rare,Unlimited,Ungraded,Moderately Played,0,1,12.79,0,FALSE,2026-05-24,
Roy Yugioh,YuGiOh,Cybernetic Revolution,Cyber Dragon,CRV-EN015,Super Rare,1st Edition,Ungraded,Lightly Played,0,2,12.21,0,FALSE,2026-05-24,
Roy Yugioh,YuGiOh,Magician's Force,Skilled Dark Magician,MFC-065,Super Rare,1st Edition,Ungraded,Lightly Played,0,2,12.19,0,FALSE,2026-05-24,
Roy Yugioh,YuGiOh,Rise of Destiny,Perfect Machine King,RDS-EN012,Ultra Rare,Unlimited,Ungraded,Lightly Played,0,1,12.17,0,FALSE,2026-05-24,
Roy Yugioh,YuGiOh,Legacy of Darkness,Exiled Force,LOD-023,Super Rare,1st Edition,Ungraded,Lightly Played,0,1,11.72,0,FALSE,2026-05-24,
Roy Yugioh,YuGiOh,Power of Chaos: Joey the Passion,Sebek's Blessing,PCJ-EN002,Prismatic Secret Rare,Limited,Ungraded,Lightly Played,0,2,11.29,0,FALSE,2026-05-24,
Roy Yugioh,YuGiOh,Pharaoh's Servant,Chain Destruction,PSV-006,Ultra Rare,1st Edition,Ungraded,Lightly Played,0,1,11.16,0,FALSE,2026-05-24,
Roy Yugioh,YuGiOh,Magician's Force,Tribe-Infecting Virus,MFC-076,Super Rare,Unlimited,Ungraded,Lightly Played,0,1,11.08,0,FALSE,2026-05-24,
Roy Yugioh,YuGiOh,Pharaoh's Servant,Imperial Order,PSV-104,Secret Rare,1st Edition,Ungraded,Lightly Played,0,1,11.07,0,FALSE,2026-05-24,
Roy Yugioh,YuGiOh,Ancient Sanctuary,Dark Magic Attack,AST-095,Ultra Rare,Unlimited,Ungraded,Lightly Played,0,1,10.93,0,FALSE,2026-05-24,
Roy Yugioh,YuGiOh,Magician's Force,Luster Dragon,MFC-058,Ultra Rare,Unlimited,Ungraded,Lightly Played,0,2,10.93,0,FALSE,2026-05-24,
Roy Yugioh,YuGiOh,Soul of the Duelist,Horus the Black Flame Dragon LV8,SOD-EN008,Ultra Rare,Unlimited,Ungraded,Lightly Played,0,1,10.8,0,FALSE,2026-05-24,
Roy Yugioh,YuGiOh,Cybernetic Revolution,Goblin Elite Attack Force (UTR),CRV-EN020,Ultimate Rare,1st Edition,Ungraded,Lightly Played,0,2,10.8,0,FALSE,2026-05-24,
Roy Yugioh,YuGiOh,2003 Collectors Tin,XYZ-Dragon Cannon,BPT-010,Secret Rare,Limited,Ungraded,Lightly Played,0,2,10.52,0,FALSE,2026-05-24,
Roy Yugioh,YuGiOh,Stairway to the Destined Duel,Sinister Serpent,SDD-002,Prismatic Secret Rare,Limited,Ungraded,Near Mint,0,1,10.29,0,FALSE,2026-05-24,
Roy Yugioh,YuGiOh,Starter Deck: Pegasus,Graceful Charity,SDP-040,Super Rare,1st Edition,Ungraded,Lightly Played,0,1,10,0,FALSE,2026-05-24,
Roy Yugioh,YuGiOh,Duelist of the Roses,Beta the Magnet Warrior,DOR-002,Secret Rare,Unlimited,Ungraded,Lightly Played,0,1,9.99,0,FALSE,2026-05-24,
Roy Yugioh,YuGiOh,Ancient Sanctuary,Emissary of the Afterlife,AST-076,Super Rare,1st Edition,Ungraded,Lightly Played,0,2,9.78,0,FALSE,2026-05-24,
Roy Yugioh,YuGiOh,Pharaonic Guardian,Mystical Knight of Jackal,PGD-069,Ultra Rare,1st Edition,Ungraded,Lightly Played,0,1,9.73,0,FALSE,2026-05-24,
Roy Yugioh,YuGiOh,Invasion of Chaos,Guardian Angel Joan,IOC-087,Ultra Rare,1st Edition,Ungraded,Lightly Played,0,1,9.69,0,FALSE,2026-05-24,
Roy Yugioh,YuGiOh,Destiny Board Traveler Promo,D.D. Assailant,DBT-EN002,Super Rare,Unlimited,Ungraded,Lightly Played,0,3,9.67,0,FALSE,2026-05-24,
Roy Yugioh,YuGiOh,Dawn of Destiny Xbox,Widespread Ruin,DOD-003,Prismatic Secret Rare,Limited,Ungraded,Lightly Played,0,1,9.37,0,FALSE,2026-05-24,
Roy Yugioh,YuGiOh,Yu-Gi-Oh! Video Game Promotional Cards,Salamandra (Dark Duel Stories),DDS-006,Secret Rare,Limited,Ungraded,Lightly Played,0,3,9.35,0,FALSE,2026-05-24,
Roy Yugioh,YuGiOh,Pharaonic Guardian,Guardian Sphinx,PGD-025,Ultra Rare,1st Edition,Ungraded,Lightly Played,0,1,9.26,0,FALSE,2026-05-24,
Roy Yugioh,YuGiOh,Labyrinth of Nightmare,Kycoo the Ghost Destroyer,LON-062,Super Rare,Unlimited,Ungraded,Near Mint,0,2,8.96,0,FALSE,2026-05-24,
Roy Yugioh,YuGiOh,The Lost Millennium,Brain Control,TLM-EN038,Super Rare,1st Edition,Ungraded,Lightly Played,0,1,8.88,0,FALSE,2026-05-24,
Roy Yugioh,YuGiOh,Magician's Force,Z-Metal Tank,MFC-006,Super Rare,1st Edition,Ungraded,Lightly Played,0,1,8.86,0,FALSE,2026-05-24,
Roy Yugioh,YuGiOh,Pharaoh's Servant,Call Of The Haunted,PSV-012,Ultra Rare,Unlimited,Ungraded,Heavily Played,0,1,8.83,0,FALSE,2026-05-24,
Roy Yugioh,YuGiOh,Stairway to the Destined Duel,Sinister Serpent,SDD-002,Prismatic Secret Rare,Limited,Ungraded,Lightly Played,0,1,8.75,0,FALSE,2026-05-24,
Roy Yugioh,YuGiOh,Starter Deck: Joey,Red-Eyes B. Dragon,SDJ-001,Ultra Rare,Unlimited,Ungraded,Lightly Played,0,1,8.64,0,FALSE,2026-05-24,
Roy Yugioh,YuGiOh,Pharaoh's Servant,Premature Burial,PSV-037,Ultra Rare,Unlimited,Ungraded,Moderately Played,0,1,8.58,0,FALSE,2026-05-24,
Roy Yugioh,YuGiOh,Dark Crisis,Interdimensional Matter Transporter,DCR-052,Ultra Rare,1st Edition,Ungraded,Lightly Played,0,4,8.53,0,FALSE,2026-05-24,
Roy Yugioh,YuGiOh,Ancient Sanctuary,Zaborg the Thunder Monarch,AST-023,Super Rare,Unlimited,Ungraded,Lightly Played,0,2,8.51,0,FALSE,2026-05-24,
Roy Yugioh,YuGiOh,Pharaonic Guardian,Question,PGD-104,Ultra Rare,1st Edition,Ungraded,Lightly Played,0,1,8.42,0,FALSE,2026-05-24,
Roy Yugioh,YuGiOh,Labyrinth of Nightmare,The Masked Beast,LON-001,Ultra Rare,Unlimited,Ungraded,Lightly Played,0,1,8.38,0,FALSE,2026-05-24,
Roy Yugioh,YuGiOh,Magician's Force,Y-Dragon Head,MFC-005,Super Rare,1st Edition,Ungraded,Lightly Played,0,1,8.36,0,FALSE,2026-05-24,
Roy Yugioh,YuGiOh,Duelist of the Roses,Alpha the Magnet Warrior,DOR-001,Secret Rare,Unlimited,Ungraded,Lightly Played,0,1,8.25,0,FALSE,2026-05-24,
Roy Yugioh,YuGiOh,Metal Raiders,Heavy Storm,MRD-142,Super Rare,Unlimited,Ungraded,Lightly Played,0,1,7.93,0,FALSE,2026-05-24,
Roy Yugioh,YuGiOh,Legacy of Darkness,Spear Dragon,LOD-035,Super Rare,1st Edition,Ungraded,Near Mint,0,2,7.87,0,FALSE,2026-05-24,
Roy Yugioh,YuGiOh,World Championship 2005: 7 Trials to Glory,Silent Swordsman LV7,WC5-EN001,Ultra Rare,Limited,Ungraded,Lightly Played,0,1,7.8,0,FALSE,2026-05-24,
Roy Yugioh,YuGiOh,Magic Ruler,Snatch Steal,MRL-036,Ultra Rare,Unlimited,Ungraded,Lightly Played,0,2,7.74,0,FALSE,2026-05-24,
Roy Yugioh,YuGiOh,McDonald's Promo,Goddess of Whim,MP1-003,Super Rare,Limited,Ungraded,Lightly Played,0,2,7.67,0,FALSE,2026-05-24,
Roy Yugioh,YuGiOh,Labyrinth of Nightmare,Kycoo the Ghost Destroyer,LON-062,Super Rare,Unlimited,Ungraded,Lightly Played,0,1,7.62,0,FALSE,2026-05-24,
Roy Yugioh,YuGiOh,Metal Raiders,Barrel Dragon,MRD-126,Ultra Rare,Unlimited,Ungraded,Lightly Played,0,1,7.61,0,FALSE,2026-05-24,
Roy Yugioh,YuGiOh,Metal Raiders,Time Wizard,MRD-065,Ultra Rare,Unlimited,Ungraded,Damaged,0,1,7.61,0,FALSE,2026-05-24,
Roy Yugioh,YuGiOh,Pharaonic Guardian,Book of Life,PGD-033,Super Rare,1st Edition,Ungraded,Lightly Played,0,1,7.57,0,FALSE,2026-05-24,
Roy Yugioh,YuGiOh,Metal Raiders,Thousand Dragon,MRD-143,Secret Rare,Unlimited,Ungraded,Lightly Played,0,1,7.5,0,FALSE,2026-05-24,
Roy Yugioh,YuGiOh,Legacy of Darkness,Asura Priest,LOD-071,Super Rare,1st Edition,Ungraded,Lightly Played,0,1,7.48,0,FALSE,2026-05-24,
Roy Yugioh,YuGiOh,Dark Beginning 1,Makyura the Destructor,DB1-EN169,Super Rare,Unlimited,Ungraded,Lightly Played,0,2,7.42,0,FALSE,2026-05-24,
Roy Yugioh,YuGiOh,Magic Ruler,Relinquished,MRL-029,Ultra Rare,Unlimited,Ungraded,Lightly Played,0,2,7.34,0,FALSE,2026-05-24,
Roy Yugioh,YuGiOh,Stairway to the Destined Duel,Harpie's Feather Duster,SDD-003,Secret Rare,Limited,Ungraded,Lightly Played,0,2,7.27,0,FALSE,2026-05-24,
Roy Yugioh,YuGiOh,Legacy of Darkness,Airknight Parshath,LOD-062,Ultra Rare,Unlimited,Ungraded,Lightly Played,0,1,7.25,0,FALSE,2026-05-24,
Roy Yugioh,YuGiOh,Labyrinth of Nightmare,Destiny Board,LON-088,Ultra Rare,Unlimited,Ungraded,Lightly Played,0,1,7.18,0,FALSE,2026-05-24,
Roy Yugioh,YuGiOh,Ancient Sanctuary,Enemy Controller,AST-037,Ultra Rare,Unlimited,Ungraded,Lightly Played,0,3,7.15,0,FALSE,2026-05-24,
Roy Yugioh,YuGiOh,Pharaonic Guardian,Lava Golem,PGD-107,Secret Rare,Unlimited,Ungraded,Moderately Played,0,1,7.12,0,FALSE,2026-05-24,
Roy Yugioh,YuGiOh,Shonen Jump Magazine Promos,Red-Eyes B. Dragon (JMP-002),JMP-002,Ultra Rare,Unlimited,Ungraded,Lightly Played,0,1,7.11,0,FALSE,2026-05-24,
Roy Yugioh,YuGiOh,Magician's Force,Chaos Command Magician,MFC-068,Ultra Rare,Unlimited,Ungraded,Lightly Played,0,1,7.06,0,FALSE,2026-05-24,
Roy Yugioh,YuGiOh,Magic Ruler,Toon Mermaid,MRL-072,Ultra Rare,Unlimited,Ungraded,Lightly Played,0,1,6.99,0,FALSE,2026-05-24,
Roy Yugioh,YuGiOh,Pharaoh's Servant,Nobleman of Crossout,PSV-034,Super Rare,Unlimited,Ungraded,Lightly Played,0,2,6.91,0,FALSE,2026-05-24,
Roy Yugioh,YuGiOh,Metal Raiders,Change of Heart,MRD-060,Ultra Rare,Unlimited,Ungraded,Lightly Played,0,2,6.86,0,FALSE,2026-05-24,
Roy Yugioh,YuGiOh,Metal Raiders,Seven Tools of the Bandit,MRD-129,Ultra Rare,Unlimited,Ungraded,Lightly Played,0,2,6.85,0,FALSE,2026-05-24,
Roy Yugioh,YuGiOh,Magician's Force,YZ-Tank Dragon,MFC-054,Super Rare,1st Edition,Ungraded,Lightly Played,0,2,6.8,0,FALSE,2026-05-24,
Roy Yugioh,YuGiOh,Soul of the Duelist,Horus the Black Flame Dragon LV6,SOD-EN007,Super Rare,Unlimited,Ungraded,Near Mint,0,1,6.72,0,FALSE,2026-05-24,
Roy Yugioh,YuGiOh,Legacy of Darkness,Spear Dragon,LOD-035,Super Rare,1st Edition,Ungraded,Lightly Played,0,1,6.69,0,FALSE,2026-05-24,
Roy Yugioh,YuGiOh,Pharaoh's Servant,The Legendary Fisherman,PSV-076,Ultra Rare,Unlimited,Ungraded,Near Mint,0,2,6.66,0,FALSE,2026-05-24,
Roy Yugioh,YuGiOh,2004 Collectors Tin,Obnoxious Celtic Guard,CT1-EN006,Secret Rare,Limited,Ungraded,Lightly Played,0,1,6.58,0,FALSE,2026-05-24,
Roy Yugioh,YuGiOh,Ancient Sanctuary,Emissary of the Afterlife,AST-076,Super Rare,Unlimited,Ungraded,Lightly Played,0,1,6.57,0,FALSE,2026-05-24,
Roy Yugioh,YuGiOh,Pharaoh's Servant,Limiter Removal,PSV-064,Super Rare,1st Edition,Ungraded,Lightly Played,0,2,6.43,0,FALSE,2026-05-24,
Roy Yugioh,YuGiOh,Dark Crisis,Blast Held by a Tribute,DCR-104,Ultra Rare,1st Edition,Ungraded,Lightly Played,0,1,6.4,0,FALSE,2026-05-24,
Roy Yugioh,YuGiOh,World Championship 2004: GBA Promo,Slate Warrior,WC4-003,Secret Rare,Limited,Ungraded,Near Mint,0,3,6.34,0,FALSE,2026-05-24,
Roy Yugioh,YuGiOh,The Falsebound Kingdom,Metalzoa,TFK-002,Prismatic Secret Rare,Limited,Ungraded,Lightly Played,0,1,6.15,0,FALSE,2026-05-24,
Roy Yugioh,YuGiOh,Magic Ruler,Axe of Despair,MRL-002,Ultra Rare,Unlimited,Ungraded,Lightly Played,0,1,6.13,0,FALSE,2026-05-24,
Roy Yugioh,YuGiOh,Dark Crisis,Judgment of Anubis,DCR-105,Secret Rare,1st Edition,Ungraded,Lightly Played,0,1,6.13,0,FALSE,2026-05-24,
Roy Yugioh,YuGiOh,Legacy of Darkness,Luster Dragon,LOD-050,Super Rare,1st Edition,Ungraded,Lightly Played,0,1,6.12,0,FALSE,2026-05-24,
Roy Yugioh,YuGiOh,Pharaonic Guardian,Don Zaloog,PGD-029,Ultra Rare,Unlimited,Ungraded,Lightly Played,0,1,6.02,0,FALSE,2026-05-24,
Roy Yugioh,YuGiOh,Duelist of the Roses,Gamma the Magnet Warrior,DOR-003,Secret Rare,Unlimited,Ungraded,Lightly Played,0,1,6.01,0,FALSE,2026-05-24,
Roy Yugioh,YuGiOh,Invasion of Chaos,D.D. Scout Plane,IOC-012,Super Rare,1st Edition,Ungraded,Near Mint,0,1,5.89,0,FALSE,2026-05-24,
Roy Yugioh,YuGiOh,Starter Deck: Pegasus,Graceful Charity,SDP-040,Super Rare,Unlimited,Ungraded,Lightly Played,0,2,5.84,0,FALSE,2026-05-24,
Roy Yugioh,YuGiOh,Legacy of Darkness,Drop Off,LOD-097,Super Rare,1st Edition,Ungraded,Lightly Played,0,1,5.76,0,FALSE,2026-05-24,
Roy Yugioh,YuGiOh,Soul of the Duelist,Horus the Black Flame Dragon LV6,SOD-EN007,Super Rare,Unlimited,Ungraded,Lightly Played,0,1,5.71,0,FALSE,2026-05-24,
Roy Yugioh,YuGiOh,Magician's Force,Skilled Dark Magician,MFC-065,Super Rare,Unlimited,Ungraded,Lightly Played,0,1,5.7,0,FALSE,2026-05-24,
Roy Yugioh,YuGiOh,Pharaoh's Servant,The Legendary Fisherman,PSV-076,Ultra Rare,Unlimited,Ungraded,Lightly Played,0,1,5.66,0,FALSE,2026-05-24,
Roy Yugioh,YuGiOh,Ancient Sanctuary,Blowback Dragon,AST-022,Ultra Rare,Unlimited,Ungraded,Lightly Played,0,1,5.64,0,FALSE,2026-05-24,
Roy Yugioh,YuGiOh,Magic Ruler,Black Pendant,MRL-003,Super Rare,1st Edition,Ungraded,Lightly Played,0,1,5.55,0,FALSE,2026-05-24,
Roy Yugioh,YuGiOh,Soul of the Duelist,Mobius the Frost Monarch,SOD-EN022,Super Rare,1st Edition,Ungraded,Lightly Played,0,1,5.53,0,FALSE,2026-05-24,
Roy Yugioh,YuGiOh,Dark Crisis,Kaiser Glider,DCR-051,Ultra Rare,1st Edition,Ungraded,Lightly Played,0,1,5.51,0,FALSE,2026-05-24,
Roy Yugioh,YuGiOh,Legacy of Darkness,Fiend Skull Dragon,LOD-039,Super Rare,1st Edition,Ungraded,Lightly Played,0,1,5.45,0,FALSE,2026-05-24,
Roy Yugioh,YuGiOh,World Championship 2004: GBA Promo,Slate Warrior,WC4-003,Secret Rare,Limited,Ungraded,Lightly Played,0,1,5.39,0,FALSE,2026-05-24,
Roy Yugioh,YuGiOh,Dark Crisis,Mirage Knight,DCR-018,Super Rare,1st Edition,Ungraded,Lightly Played,0,1,5.39,0,FALSE,2026-05-24,
Roy Yugioh,YuGiOh,Magic Ruler,Giant Trunade,MRL-048,Super Rare,Unlimited,Ungraded,Lightly Played,0,1,5.36,0,FALSE,2026-05-24,
Roy Yugioh,YuGiOh,Pharaonic Guardian,Byser Shock,PGD-103,Ultra Rare,1st Edition,Ungraded,Lightly Played,0,1,5.36,0,FALSE,2026-05-24,
Roy Yugioh,YuGiOh,The Legend of Blue Eyes White Dragon,Raigeki,LOB-053,Super Rare,Unlimited,Ungraded,Lightly Played,0,3,5.3,0,FALSE,2026-05-24,
Roy Yugioh,YuGiOh,Magic Ruler,Invader of the Throne,MRL-026,Super Rare,1st Edition,Ungraded,Lightly Played,0,1,5.19,0,FALSE,2026-05-24,
Roy Yugioh,YuGiOh,Nintendo DS Nightmare of Troubadour,Silent Magician LV4,NTR-EN001,Super Rare,Limited,Ungraded,Lightly Played,0,1,5.05,0,FALSE,2026-05-24,
Roy Yugioh,YuGiOh,Pharaonic Guardian,Necrovalley,PGD-084,Super Rare,1st Edition,Ungraded,Lightly Played,0,1,5.02,0,FALSE,2026-05-24,
Roy Yugioh,YuGiOh,Invasion of Chaos,D.D. Scout Plane,IOC-012,Super Rare,1st Edition,Ungraded,Lightly Played,0,1,5.01,0,FALSE,2026-05-24,
Roy Yugioh,YuGiOh,Eternal Duelist Soul,Skull Dice,EDS-003,Secret Rare,Limited,Ungraded,Lightly Played,0,2,4.98,0,FALSE,2026-05-24,
Roy Yugioh,YuGiOh,Legacy of Darkness,Reinforcement of the Army,LOD-028,Super Rare,Unlimited,Ungraded,Lightly Played,0,1,4.92,0,FALSE,2026-05-24,
Roy Yugioh,YuGiOh,Invasion of Chaos,Freed the Brave Wanderer,IOC-014,Super Rare,1st Edition,Ungraded,Lightly Played,0,2,4.92,0,FALSE,2026-05-24,
Roy Yugioh,YuGiOh,Rise of Destiny,Monster Reincarnation,RDS-EN045,Super Rare,1st Edition,Ungraded,Lightly Played,0,3,4.9,0,FALSE,2026-05-24,
Roy Yugioh,YuGiOh,Soul of the Duelist,Mystic Swordsman LV4,SOD-EN012,Ultra Rare,1st Edition,Ungraded,Lightly Played,0,1,4.82,0,FALSE,2026-05-24,
Roy Yugioh,YuGiOh,Structure Deck: Dragon's Roar,Red-Eyes Darkness Dragon,SD1-EN001,Ultra Rare,1st Edition,Ungraded,Lightly Played,0,1,4.79,0,FALSE,2026-05-24,
Roy Yugioh,YuGiOh,Magic Ruler,Megamorph,MRL-061,Ultra Rare,Unlimited,Ungraded,Lightly Played,0,3,4.71,0,FALSE,2026-05-24,
Roy Yugioh,YuGiOh,Dark Crisis,Reflect Bounder,DCR-012,Ultra Rare,Unlimited,Ungraded,Lightly Played,0,1,4.65,0,FALSE,2026-05-24,
Roy Yugioh,YuGiOh,Pharaonic Guardian,Mirage of Nightmare,PGD-036,Super Rare,1st Edition,Ungraded,Lightly Played,0,1,4.65,0,FALSE,2026-05-24,
Roy Yugioh,YuGiOh,Ancient Sanctuary,Curse of Anubis,AST-105,Ultra Rare,1st Edition,Ungraded,Lightly Played,0,1,4.52,0,FALSE,2026-05-24,
Roy Yugioh,YuGiOh,Labyrinth of Nightmare,Magic Cylinder,LON-104,Secret Rare,Unlimited,Ungraded,Damaged,0,2,4.44,0,FALSE,2026-05-24,
Roy Yugioh,YuGiOh,Pharaoh's Servant,The Fiend Megacyber,PSV-100,Ultra Rare,Unlimited,Ungraded,Lightly Played,0,2,4.44,0,FALSE,2026-05-24,
Roy Yugioh,YuGiOh,Labyrinth of Nightmare,Mage Power,LON-050,Ultra Rare,Unlimited,Ungraded,Lightly Played,0,1,4.39,0,FALSE,2026-05-24,
Roy Yugioh,YuGiOh,Flaming Eternity,Silent Swordsman LV5,FET-EN008,Ultra Rare,Unlimited,Ungraded,Lightly Played,0,1,4.31,0,FALSE,2026-05-24,
Roy Yugioh,YuGiOh,Power of Chaos: Yugi the Destiny,Anti-Spell Fragrance,PCY-002,Secret Rare,Unlimited,Ungraded,Lightly Played,0,4,4.29,0,FALSE,2026-05-24,
Roy Yugioh,YuGiOh,Dark Crisis,Terrorking Archfiend,DCR-072,Super Rare,1st Edition,Ungraded,Lightly Played,0,3,4.22,0,FALSE,2026-05-24,
Roy Yugioh,YuGiOh,Pharaoh's Servant,Goblin Attack Force,PSV-094,Ultra Rare,Unlimited,Ungraded,Lightly Played,0,1,4.21,0,FALSE,2026-05-24,
Roy Yugioh,YuGiOh,Invasion of Chaos,D.D. Designator,IOC-039,Super Rare,1st Edition,Ungraded,Lightly Played,0,3,4.18,0,FALSE,2026-05-24,
Roy Yugioh,YuGiOh,Legacy of Darkness,Fiend Skull Dragon,LOD-039,Super Rare,Unlimited,Ungraded,Lightly Played,0,1,4.17,0,FALSE,2026-05-24,
Roy Yugioh,YuGiOh,Invasion of Chaos,Big Burn,IOC-047,Super Rare,1st Edition,Ungraded,Lightly Played,0,2,4.12,0,FALSE,2026-05-24,
Roy Yugioh,YuGiOh,McDonald's Promo,Takriminos,MP1-006,Super Rare,Limited,Ungraded,Lightly Played,0,1,4.01,0,FALSE,2026-05-24,
Roy Yugioh,YuGiOh,Pharaonic Guardian,Great Dezard,PGD-020,Ultra Rare,1st Edition,Ungraded,Lightly Played,0,1,4,0,FALSE,2026-05-24,
Roy Yugioh,YuGiOh,Rise of Destiny,Silent Swordsman LV3,RDS-EN009,Ultra Rare,1st Edition,Ungraded,Near Mint,0,1,3.87,0,FALSE,2026-05-24,
Roy Yugioh,YuGiOh,Magic Ruler,The Forceful Sentry,MRL-045,Ultra Rare,Unlimited,Ungraded,Lightly Played,0,1,3.85,0,FALSE,2026-05-24,
Roy Yugioh,YuGiOh,The Legend of Blue Eyes White Dragon,Dark Hole (Magic),LOB-052,Super Rare,Unlimited,Ungraded,Lightly Played,0,1,3.79,0,FALSE,2026-05-24,
Roy Yugioh,YuGiOh,Yu-Gi-Oh! Video Game Promotional Cards,Knight's Title (Reshef of Destruction),ROD-EN002,Secret Rare,Unlimited,Ungraded,Lightly Played,0,1,3.74,0,FALSE,2026-05-24,
Roy Yugioh,YuGiOh,Duelist League Promo,Thousand-Eyes Restrict,DL1-001,Super Rare,Limited,Ungraded,Lightly Played,0,1,3.7,0,FALSE,2026-05-24,
Roy Yugioh,YuGiOh,Pharaoh's Servant,Parasite Paracide,PSV-003,Super Rare,1st Edition,Ungraded,Lightly Played,0,1,3.61,0,FALSE,2026-05-24,
Roy Yugioh,YuGiOh,Metal Raiders,Magic Jammer,MRD-128,Ultra Rare,Unlimited,Ungraded,Lightly Played,0,2,3.59,0,FALSE,2026-05-24,
Roy Yugioh,YuGiOh,Legacy of Darkness,Marauding Captain,LOD-018,Ultra Rare,Unlimited,Ungraded,Near Mint,0,1,3.56,0,FALSE,2026-05-24,
Roy Yugioh,YuGiOh,McDonald's Promo,Dark-Piercing Light,MP1-015,Super Rare,Limited,Ungraded,Lightly Played,0,1,3.56,0,FALSE,2026-05-24,
Roy Yugioh,YuGiOh,Soul of the Duelist,Mobius the Frost Monarch,SOD-EN022,Super Rare,Unlimited,Ungraded,Lightly Played,0,1,3.43,0,FALSE,2026-05-24,
Roy Yugioh,YuGiOh,2004 Collectors Tin,Command Knight,CT1-EN003,Secret Rare,Limited,Ungraded,Lightly Played,0,2,3.43,0,FALSE,2026-05-24,
Roy Yugioh,YuGiOh,Legacy of Darkness,Asura Priest,LOD-071,Super Rare,Unlimited,Ungraded,Lightly Played,0,2,3.32,0,FALSE,2026-05-24,
Roy Yugioh,YuGiOh,Rise of Destiny,Silent Swordsman LV3,RDS-EN009,Ultra Rare,1st Edition,Ungraded,Lightly Played,0,1,3.29,0,FALSE,2026-05-24,
Roy Yugioh,YuGiOh,Nintendo DS Nightmare of Troubadour,Silent Magician LV8,NTR-EN002,Super Rare,Limited,Ungraded,Lightly Played,0,1,3.26,0,FALSE,2026-05-24,
Roy Yugioh,YuGiOh,Magician's Force,Spell Shield Type-8,MFC-043,Super Rare,1st Edition,Ungraded,Lightly Played,0,3,3.24,0,FALSE,2026-05-24,
Roy Yugioh,YuGiOh,Legacy of Darkness,Exiled Force,LOD-023,Super Rare,Unlimited,Ungraded,Lightly Played,0,1,3.11,0,FALSE,2026-05-24,
Roy Yugioh,YuGiOh,Sneak Preview Series 1,Embodiment of Apophis,SP1-EN003,Ultra Rare,Limited,Ungraded,Near Mint,0,1,3.11,0,FALSE,2026-05-24,
Roy Yugioh,YuGiOh,Starter Deck: Joey,Scapegoat,SDJ-041,Super Rare,1st Edition,Ungraded,Near Mint,0,1,3.08,0,FALSE,2026-05-24,
Roy Yugioh,YuGiOh,Legacy of Darkness,Marauding Captain,LOD-018,Ultra Rare,Unlimited,Ungraded,Lightly Played,0,1,3.03,0,FALSE,2026-05-24,
Roy Yugioh,YuGiOh,Pharaonic Guardian,Book of Life,PGD-033,Super Rare,Unlimited,Ungraded,Lightly Played,0,2,2.96,0,FALSE,2026-05-24,
Roy Yugioh,YuGiOh,Invasion of Chaos,Manticore of Darkness,IOC-067,Ultra Rare,Unlimited,Ungraded,Lightly Played,0,1,2.95,0,FALSE,2026-05-24,
Roy Yugioh,YuGiOh,Yu-Gi-Oh! Video Game Promotional Cards,Teva (Capsule Monster Coliseum),CMC-EN003,Super Rare,Limited,Ungraded,Lightly Played,0,1,2.92,0,FALSE,2026-05-24,
Roy Yugioh,YuGiOh,Metal Raiders,Suijin,MRD-027,Super Rare,Unlimited,Ungraded,Lightly Played,0,1,2.9,0,FALSE,2026-05-24,
Roy Yugioh,YuGiOh,Metal Raiders,Catapult Turtle,MRD-075,Super Rare,Unlimited,Ungraded,Lightly Played,0,3,2.88,0,FALSE,2026-05-24,
Roy Yugioh,YuGiOh,Labyrinth of Nightmare,Royal Command,LON-080,Ultra Rare,Unlimited,Ungraded,Lightly Played,0,1,2.84,0,FALSE,2026-05-24,
Roy Yugioh,YuGiOh,World Championship 2004: GBA Promo,Fairy King Truesdale,WC4-001,Super Rare,Limited,Ungraded,Near Mint,0,1,2.84,0,FALSE,2026-05-24,
Roy Yugioh,YuGiOh,Pharaonic Guardian,Rope of Life,PGD-105,Ultra Rare,1st Edition,Ungraded,Lightly Played,0,1,2.83,0,FALSE,2026-05-24,
Roy Yugioh,YuGiOh,Legacy of Darkness,Twin-Headed Behemoth,LOD-063,Super Rare,1st Edition,Ungraded,Lightly Played,0,1,2.81,0,FALSE,2026-05-24,
Roy Yugioh,YuGiOh,Invasion of Chaos,Reload,IOC-045,Super Rare,1st Edition,Ungraded,Lightly Played,0,1,2.75,0,FALSE,2026-05-24,
Roy Yugioh,YuGiOh,Magic Ruler,Black Illusion Ritual,MRL-051,Super Rare,Unlimited,Ungraded,Lightly Played,0,1,2.68,0,FALSE,2026-05-24,
Roy Yugioh,YuGiOh,Dark Crisis,Butterfly Dagger - Elma,DCR-032,Super Rare,1st Edition,Ungraded,Lightly Played,0,1,2.68,0,FALSE,2026-05-24,
Roy Yugioh,YuGiOh,Sneak Preview Series 1,Embodiment of Apophis,SP1-EN003,Ultra Rare,Limited,Ungraded,Lightly Played,0,1,2.64,0,FALSE,2026-05-24,
Roy Yugioh,YuGiOh,Starter Deck: Joey,Scapegoat,SDJ-041,Super Rare,1st Edition,Ungraded,Lightly Played,0,1,2.62,0,FALSE,2026-05-24,
Roy Yugioh,YuGiOh,Magician's Force,Spell Canceller,MFC-020,Ultra Rare,Unlimited,Ungraded,Lightly Played,0,1,2.6,0,FALSE,2026-05-24,
Roy Yugioh,YuGiOh,Yu-Gi-Oh! Video Game Promotional Cards,Acid Trap Hole (Dark Duel Stories),DDS-005,Secret Rare,Unlimited,Ungraded,Lightly Played,0,2,2.59,0,FALSE,2026-05-24,
Roy Yugioh,YuGiOh,Magician's Force,Double Spell,MFC-106,Ultra Rare,Unlimited,Ungraded,Lightly Played,0,2,2.58,0,FALSE,2026-05-24,
Roy Yugioh,YuGiOh,2004 Collectors Tin,Total Defense Shogun,CT1-EN001,Secret Rare,Limited,Ungraded,Lightly Played,0,1,2.55,0,FALSE,2026-05-24,
Roy Yugioh,YuGiOh,Metal Raiders,Horn of Heaven,MRD-130,Ultra Rare,Unlimited,Ungraded,Lightly Played,0,3,2.53,0,FALSE,2026-05-24,
Roy Yugioh,YuGiOh,Magic Ruler,Messenger of Peace,MRL-102,Super Rare,Unlimited,Ungraded,Lightly Played,0,3,2.51,0,FALSE,2026-05-24,
Roy Yugioh,YuGiOh,Labyrinth of Nightmare,Card of Safe Return,LON-029,Ultra Rare,Unlimited,Ungraded,Lightly Played,0,1,2.47,0,FALSE,2026-05-24,
Roy Yugioh,YuGiOh,Labyrinth of Nightmare,Riryoku Field,LON-081,Super Rare,1st Edition,Ungraded,Lightly Played,0,1,2.47,0,FALSE,2026-05-24,
Roy Yugioh,YuGiOh,World Championship 2004: GBA Promo,Fairy King Truesdale,WC4-001,Super Rare,Limited,Ungraded,Lightly Played,0,1,2.41,0,FALSE,2026-05-24,
Roy Yugioh,YuGiOh,Invasion of Chaos,Black Tyranno,IOC-075,Ultra Rare,Unlimited,Ungraded,Lightly Played,0,1,2.4,0,FALSE,2026-05-24,
Roy Yugioh,YuGiOh,Ancient Sanctuary,Stone Statue of the Aztecs,AST-014,Super Rare,1st Edition,Ungraded,Near Mint,0,2,2.37,0,FALSE,2026-05-24,
Roy Yugioh,YuGiOh,Invasion of Chaos,Levia-Dragon - Daedalus,IOC-083,Ultra Rare,Unlimited,Ungraded,Lightly Played,0,1,2.36,0,FALSE,2026-05-24,
Roy Yugioh,YuGiOh,Rise of Destiny,Mystic Swordsman LV6,RDS-EN008,Ultra Rare,1st Edition,Ungraded,Lightly Played,0,1,2.36,0,FALSE,2026-05-24,
Roy Yugioh,YuGiOh,Ancient Sanctuary,Curse of Anubis,AST-105,Ultra Rare,Unlimited,Ungraded,Lightly Played,0,2,2.34,0,FALSE,2026-05-24,
Roy Yugioh,YuGiOh,Eternal Duelist Soul,Exchange,EDS-001,Secret Rare,Limited,Ungraded,Lightly Played,0,2,2.31,0,FALSE,2026-05-24,
Roy Yugioh,YuGiOh,Legacy of Darkness,Drop Off,LOD-097,Super Rare,Unlimited,Ungraded,Lightly Played,0,2,2.27,0,FALSE,2026-05-24,
Roy Yugioh,YuGiOh,Magic Ruler,Painful Choice,MRL-049,Super Rare,Unlimited,Ungraded,Lightly Played,0,2,2.24,0,FALSE,2026-05-24,
Roy Yugioh,YuGiOh,Pharaonic Guardian,Guardian Sphinx,PGD-025,Ultra Rare,Unlimited,Ungraded,Lightly Played,0,1,2.24,0,FALSE,2026-05-24,
Roy Yugioh,YuGiOh,Duelist League Promo,Toon Goblin Attack Force,DL7-EN001,Super Rare,Limited,Ungraded,Lightly Played,0,1,2.24,0,FALSE,2026-05-24,
Roy Yugioh,YuGiOh,Nintendo DS Nightmare of Troubadour,Magician's Circle,NTR-EN003,Super Rare,Limited,Ungraded,Lightly Played,0,1,2.24,0,FALSE,2026-05-24,
Roy Yugioh,YuGiOh,Dark Crisis,Mirage Knight,DCR-018,Super Rare,Unlimited,Ungraded,Lightly Played,0,1,2.23,0,FALSE,2026-05-24,
Roy Yugioh,YuGiOh,Yu-Gi-Oh! Video Game Promotional Cards,Inferno Hammer (Capsule Monster Coliseum),CMC-EN002,Super Rare,Limited,Ungraded,Lightly Played,0,1,2.23,0,FALSE,2026-05-24,
Roy Yugioh,YuGiOh,Sneak Preview Series 1,Exchange of the Spirit,SP1-EN004,Ultra Rare,Limited,Ungraded,Lightly Played,0,1,2.22,0,FALSE,2026-05-24,
Roy Yugioh,YuGiOh,Pharaoh's Servant,Chain Destruction,PSV-006,Ultra Rare,Unlimited,Ungraded,Lightly Played,0,1,2.21,0,FALSE,2026-05-24,
Roy Yugioh,YuGiOh,Pharaonic Guardian,Byser Shock,PGD-103,Ultra Rare,Unlimited,Ungraded,Near Mint,0,1,2.14,0,FALSE,2026-05-24,
Roy Yugioh,YuGiOh,Pharaoh's Servant,Magical Hats,PSV-033,Super Rare,Unlimited,Ungraded,Lightly Played,0,2,2.12,0,FALSE,2026-05-24,
Roy Yugioh,YuGiOh,Ancient Sanctuary,Stone Statue of the Aztecs,AST-014,Super Rare,1st Edition,Ungraded,Lightly Played,0,1,2.01,0,FALSE,2026-05-24,
Roy Yugioh,YuGiOh,Metal Raiders,Sanga of the Thunder,MRD-025,Super Rare,Unlimited,Ungraded,Lightly Played,0,1,1.85,0,FALSE,2026-05-24,
Roy Yugioh,YuGiOh,Pharaonic Guardian,Byser Shock,PGD-103,Ultra Rare,Unlimited,Ungraded,Lightly Played,0,1,1.82,0,FALSE,2026-05-24,
Roy Yugioh,YuGiOh,Pharaoh's Servant,Graverobber,PSV-008,Super Rare,Unlimited,Ungraded,Lightly Played,0,1,1.78,0,FALSE,2026-05-24,
Roy Yugioh,YuGiOh,Magician's Force,Skilled White Magician,MFC-064,Super Rare,Unlimited,Ungraded,Lightly Played,0,2,1.73,0,FALSE,2026-05-24,
Roy Yugioh,YuGiOh,Duelist League Promo,Buster Blader,DL1-002,Super Rare,Limited,Ungraded,Lightly Played,0,1,1.73,0,FALSE,2026-05-24,
Roy Yugioh,YuGiOh,Pharaonic Guardian,Necrovalley,PGD-084,Super Rare,Unlimited,Ungraded,Lightly Played,0,2,1.72,0,FALSE,2026-05-24,
Roy Yugioh,YuGiOh,Magic Ruler,Confiscation,MRL-038,Super Rare,Unlimited,Ungraded,Lightly Played,0,1,1.7,0,FALSE,2026-05-24,
Roy Yugioh,YuGiOh,Metal Raiders,Kazejin,MRD-026,Super Rare,Unlimited,Ungraded,Lightly Played,0,1,1.68,0,FALSE,2026-05-24,
Roy Yugioh,YuGiOh,Legacy of Darkness,Freed the Matchless General,LOD-016,Ultra Rare,Unlimited,Ungraded,Lightly Played,0,1,1.62,0,FALSE,2026-05-24,
Roy Yugioh,YuGiOh,Yu-Gi-Oh! Video Game Promotional Cards,Knight's Title (Reshef of Destruction),ROD-EN002,Super Rare,Unlimited,Ungraded,Lightly Played,0,1,1.62,0,FALSE,2026-05-24,
Roy Yugioh,YuGiOh,Labyrinth of Nightmare,Bazoo the Soul-Eater,LON-064,Super Rare,Unlimited,Ungraded,Near Mint,0,1,1.55,0,FALSE,2026-05-24,
Roy Yugioh,YuGiOh,Dark Crisis,Terrorking Archfiend,DCR-072,Super Rare,Unlimited,Ungraded,Lightly Played,0,1,1.5,0,FALSE,2026-05-24,
Roy Yugioh,YuGiOh,Pharaonic Guardian,Barrel Behind the Door,PGD-095,Super Rare,Unlimited,Ungraded,Lightly Played,0,2,1.39,0,FALSE,2026-05-24,
Roy Yugioh,YuGiOh,Metal Raiders,Tribute to The Doomed,MRD-057,Super Rare,Unlimited,Ungraded,Lightly Played,0,2,1.35,0,FALSE,2026-05-24,
Roy Yugioh,YuGiOh,Labyrinth of Nightmare,Bazoo the Soul-Eater,LON-064,Super Rare,Unlimited,Ungraded,Lightly Played,0,2,1.32,0,FALSE,2026-05-24,
Roy Yugioh,YuGiOh,Pharaoh's Servant,Imperial Order,PSV-104,Secret Rare,Unlimited,Ungraded,Lightly Played,0,1,1.22,0,FALSE,2026-05-24,
Roy Yugioh,YuGiOh,Labyrinth of Nightmare,De-Fusion,LON-097,Super Rare,Unlimited,Ungraded,Lightly Played,0,1,1.21,0,FALSE,2026-05-24,
Roy Yugioh,YuGiOh,Labyrinth of Nightmare,Fire Princess,LON-034,Super Rare,Unlimited,Ungraded,Lightly Played,0,3,1.14,0,FALSE,2026-05-24,
Roy Yugioh,YuGiOh,Starter Deck: Yugi,Card Destruction,SDY-042,Super Rare,Unlimited,Ungraded,Lightly Played,0,2,1.14,0,FALSE,2026-05-24,
Roy Yugioh,YuGiOh,Magic Ruler,Maha Vailo,MRL-012,Super Rare,Unlimited,Ungraded,Lightly Played,0,2,1.07,0,FALSE,2026-05-24,
Roy Yugioh,YuGiOh,Pharaonic Guardian,Great Dezard,PGD-020,Ultra Rare,Unlimited,Ungraded,Lightly Played,0,1,1.06,0,FALSE,2026-05-24,
Roy Yugioh,YuGiOh,Ancient Sanctuary,The First Sarcophagus,AST-101,Super Rare,1st Edition,Ungraded,Lightly Played,0,1,1.05,0,FALSE,2026-05-24,
Roy Yugioh,YuGiOh,Starter Deck: Joey,Penguin Soldier,SDJ-022,Super Rare,1st Edition,Ungraded,Near Mint,0,1,1.01,0,FALSE,2026-05-24,
Roy Yugioh,YuGiOh,Rise of Destiny,Divine Wrath,RDS-EN050,Super Rare,1st Edition,Ungraded,Lightly Played,0,2,0.99,0,FALSE,2026-05-24,
Roy Yugioh,YuGiOh,Magic Ruler,Banisher of the Light,MRL-078,Super Rare,Unlimited,Ungraded,Lightly Played,0,2,0.94,0,FALSE,2026-05-24,
Roy Yugioh,YuGiOh,Pharaoh's Servant,Limiter Removal,PSV-064,Super Rare,Unlimited,Ungraded,Lightly Played,0,1,0.89,0,FALSE,2026-05-24,
Roy Yugioh,YuGiOh,Starter Deck: Joey,Penguin Soldier,SDJ-022,Super Rare,1st Edition,Ungraded,Lightly Played,0,2,0.86,0,FALSE,2026-05-24,
Roy Yugioh,YuGiOh,Yu-Gi-Oh! Video Game Promotional Cards,Riryoku (The Sacred Cards),TSC-002,Secret Rare,Limited,Ungraded,Lightly Played,0,2,0.83,0,FALSE,2026-05-24,
Roy Yugioh,YuGiOh,Magic Ruler,Black Pendant,MRL-003,Super Rare,Unlimited,Ungraded,Lightly Played,0,2,0.78,0,FALSE,2026-05-24,
Roy Yugioh,YuGiOh,Structure Deck: Zombie Madness,Vampire Genesis,SD2-EN001,Ultra Rare,1st Edition,Ungraded,Lightly Played,0,2,0.77,0,FALSE,2026-05-24,
Roy Yugioh,YuGiOh,Starter Deck: Kaiba Evolution,Kaiser Sea Horse,SKE-015,Ultra Rare,1st Edition,Ungraded,Lightly Played,0,3,0.75,0,FALSE,2026-05-24,
Roy Yugioh,YuGiOh,The Falsebound Kingdom,Goblin Fan,TFK-003,Prismatic Secret Rare,Limited,Ungraded,Lightly Played,0,1,0.74,0,FALSE,2026-05-24,
Roy Yugioh,YuGiOh,Pharaonic Guardian,Trap of Board Eraser,PGD-099,Super Rare,1st Edition,Ungraded,Lightly Played,0,1,0.73,0,FALSE,2026-05-24,
Roy Yugioh,YuGiOh,Labyrinth of Nightmare,Mask of Dispel,LON-017,Super Rare,Unlimited,Ungraded,Lightly Played,0,1,0.72,0,FALSE,2026-05-24,
Roy Yugioh,YuGiOh,Pharaonic Guardian,Statue of the Wicked,PGD-046,Super Rare,Unlimited,Ungraded,Lightly Played,0,2,0.71,0,FALSE,2026-05-24,
Roy Yugioh,YuGiOh,Pharaonic Guardian,Gravekeeper's Chief,PGD-065,Super Rare,Unlimited,Ungraded,Lightly Played,0,1,0.65,0,FALSE,2026-05-24,
Roy Yugioh,YuGiOh,Invasion of Chaos,Chaosrider Gustaph,IOC-018,Super Rare,Unlimited,Ungraded,Near Mint,0,1,0.62,0,FALSE,2026-05-24,
Roy Yugioh,YuGiOh,Pharaoh's Servant,Mirror Wall,PSV-016,Super Rare,Unlimited,Ungraded,Heavily Played,0,1,0.61,0,FALSE,2026-05-24,
Roy Yugioh,YuGiOh,Ancient Sanctuary,The First Sarcophagus,AST-101,Super Rare,Unlimited,Ungraded,Lightly Played,0,1,0.59,0,FALSE,2026-05-24,
Roy Yugioh,YuGiOh,Soul of the Duelist,Hallowed Life Barrier,SOD-EN060,Super Rare,Unlimited,Ungraded,Lightly Played,0,1,0.59,0,FALSE,2026-05-24,
Roy Yugioh,YuGiOh,Invasion of Chaos,Trap Jammer,IOC-110,Super Rare,Unlimited,Ungraded,Lightly Played,0,2,0.58,0,FALSE,2026-05-24,
Roy Yugioh,YuGiOh,Pharaoh's Servant,Parasite Paracide,PSV-003,Super Rare,Unlimited,Ungraded,Lightly Played,0,1,0.57,0,FALSE,2026-05-24,
Roy Yugioh,YuGiOh,Invasion of Chaos,D.D. Scout Plane,IOC-012,Super Rare,Unlimited,Ungraded,Lightly Played,0,1,0.54,0,FALSE,2026-05-24,
Roy Yugioh,YuGiOh,Invasion of Chaos,Chaosrider Gustaph,IOC-018,Super Rare,Unlimited,Ungraded,Lightly Played,0,1,0.53,0,FALSE,2026-05-24,
Roy Yugioh,YuGiOh,Pharaoh's Servant,Fairy Meteor Crush,PSV-063,Super Rare,Unlimited,Ungraded,Lightly Played,0,1,0.49,0,FALSE,2026-05-24,
Roy Yugioh,YuGiOh,Pharaoh's Servant,Backup Soldier,PSV-028,Super Rare,Unlimited,Ungraded,Lightly Played,0,1,0.48,0,FALSE,2026-05-24,
Roy Yugioh,YuGiOh,Starter Deck: Pegasus,Gryphon Wing,SDP-050,Super Rare,1st Edition,Ungraded,Lightly Played,0,1,0.48,0,FALSE,2026-05-24,
Roy Yugioh,YuGiOh,Rise of Destiny,Tragedy,RDS-EN049,Super Rare,Unlimited,Ungraded,Lightly Played,0,1,0.23,0,FALSE,2026-05-24,
Roy Yugioh,YuGiOh,Rise of Destiny,Pikeru's Circle of Enchantment,RDS-EN057,Super Rare,1st Edition,Ungraded,Lightly Played,0,1,0.2,0,FALSE,2026-05-24,
Roy Yugioh,YuGiOh,Starter Deck: Pegasus,Gryphon Wing,SDP-050,Super Rare,Unlimited,Ungraded,Lightly Played,0,1,0.18,0,FALSE,2026-05-24,